"","baseMean","log2FoldChange","lfcSE","stat","pvalue","padj","significant"
"LBRM_02_0550",2967.20719699324,-2.12289709563457,0.291637495653795,-7.27923235959575,3.35725003560348e-13,2.69251452855399e-10,"Significant"
"LBRM_05_1050",9.2847652469164,4.58665798264093,1.10300163426726,4.15834196445946,3.20565891113706e-05,0.00257093844673192,"Significant"
"LBRM_08_0700",228.49226801687,-1.95192511147889,0.333518846517167,-5.85251817659552,4.84185309958886e-09,7.76633237174053e-07,"Significant"
"LBRM_16_0460",861.559784167122,-2.06626363576115,0.296444451597321,-6.9701545251651,3.16593051424804e-12,1.26953813621346e-09,"Significant"
"LBRM_16_0790",5265.63244118221,-1.79033989108581,0.296555389718189,-6.03711803311731,1.5689096654603e-09,3.1456638792479e-07,"Significant"
"LBRM_18_0630",4.81001770483759,5.55545919794805,1.60283850892922,3.4660130555881,0.000528237628739579,0.0249203869558319,"Significant"
"LBRM_21_0030",8.63880040779357,7.34587610203192,1.42521427135178,5.154225753763,2.54680978982622e-07,2.9179163592009e-05,"Significant"
"LBRM_24_tRNA2",12.1599696868739,-5.40171137056344,1.3084683899062,-4.1282704360559,3.6550209365405e-05,0.00266484253736862,"Significant"
"LBRM_31_3610",6.65047180377468,5.10138037770712,1.36997226111229,3.72371070751847,0.000196315869214441,0.0112460947935701,"Significant"
"LBRM_34_0220",9.35066126737507,3.74313311799523,0.945937490863428,3.95706180815245,7.58773028970557e-05,0.00468104591718759,"Significant"
"LBRM_34_1660",4.0082587655163,6.15265645180731,1.67356206867304,3.67638378460963,0.00023656354958472,0.0126482644511297,"Significant"
"LBRM_34_3410",160.854722771942,-1.15503234814746,0.316406863922514,-3.65046552349863,0.000261765445525363,0.0131209929569588,"Significant"
"LBRM_34_3420",98.6164883350779,-1.14842916804084,0.340713064655039,-3.37066372609924,0.000749873314745774,0.033411022134784,"Significant"
"LbrM_02_0690",44.3722506529675,-2.25211187070075,0.509699531323749,-4.41850881214616,9.93842287747057e-06,0.000885623905303489,"Significant"
"LbrM_02_0720",180.288944790547,-1.46112167713823,0.329728716039313,-4.43128428330161,9.36734942463224e-06,0.000885623905303489,"Significant"
"LbrM_02_0760",109.910062711314,-2.18602310189104,0.394252925739613,-5.54472258586311,2.9442058425289e-08,3.93542180951363e-06,"Significant"
"LbrM_16_1740",336.704387153121,-2.13851223635737,0.349320030432122,-6.12192846116483,9.24495327688269e-10,2.47148417601997e-07,"Significant"
"__ambiguous",2241.74288478487,-1.84867694634535,0.459840525087045,-4.02025668789284,5.81347639219393e-05,0.00388534005544961,"Significant"
